{"cameraMode":{"drawMode":0,"name":"Shaded","section":"Shading Mode"},"sceneLighting":false,"audioPlay":false,"sceneViewState":{"showFog":true,"showMaterialUpdate":true,"showSkybox":false,"showFlares":true,"showImageEffects":true,"showParticleSystems":true},"in2DMode":false,"pivot":{"x":1.4529999494552613,"y":0.0,"z":-1.3600000143051148},"rotation":{"x":0.07569626718759537,"y":0.8966370224952698,"z":-0.4023630917072296,"w":0.1687145084142685},"size":0.8660253882408142,"orthographic":false}