{"cameraMode":{"drawMode":0,"name":"Shaded","section":"Shading Mode"},"sceneLighting":false,"audioPlay":false,"sceneViewState":{"showFog":true,"showMaterialUpdate":true,"showSkybox":false,"showFlares":true,"showImageEffects":true,"showParticleSystems":true},"in2DMode":false,"pivot":{"x":315.95037841796877,"y":457.9835205078125,"z":52.904815673828128},"rotation":{"x":-0.031812578439712527,"y":-0.00638613710179925,"z":-0.0007339329458773136,"w":-0.9995678663253784},"size":426.3484191894531,"orthographic":false}