{"cameraMode":{"drawMode":0,"name":"Shaded","section":"Shading Mode"},"sceneLighting":false,"audioPlay":false,"sceneViewState":{"showFog":true,"showMaterialUpdate":true,"showSkybox":false,"showFlares":true,"showImageEffects":true,"showParticleSystems":true},"in2DMode":false,"pivot":{"x":-2.952019453048706,"y":-2.751924514770508,"z":2.029043436050415},"rotation":{"x":0.14724457263946534,"y":0.8528909087181091,"z":-0.36580392718315127,"w":0.3423336446285248},"size":1.8283653259277344,"orthographic":false}