{"cameraMode":{"drawMode":0,"name":"Shaded","section":"Shading Mode"},"sceneLighting":false,"audioPlay":false,"sceneViewState":{"showFog":true,"showMaterialUpdate":true,"showSkybox":false,"showFlares":true,"showImageEffects":true,"showParticleSystems":true},"in2DMode":false,"pivot":{"x":2.1423306465148927,"y":2.313143014907837,"z":-4.441952228546143},"rotation":{"x":-0.5195438861846924,"y":-0.0020676797721534969,"z":0.0012356915976852179,"w":-0.8544591069221497},"size":0.1732049137353897,"orthographic":false}