{"cameraMode":{"drawMode":0,"name":"Shaded","section":"Shading Mode"},"sceneLighting":false,"audioPlay":false,"sceneViewState":{"showFog":true,"showMaterialUpdate":true,"showSkybox":false,"showFlares":true,"showImageEffects":true,"showParticleSystems":true},"in2DMode":false,"pivot":{"x":-0.00007784366607666016,"y":0.002179086208343506,"z":0.0040433406829833988},"rotation":{"x":-0.126135915517807,"y":-0.8722826242446899,"z":0.3677937090396881,"w":-0.29688912630081179},"size":1.0703173875808716,"orthographic":false}