{"cameraMode":{"drawMode":0,"name":"Shaded","section":"Shading Mode"},"sceneLighting":false,"audioPlay":false,"sceneViewState":{"showFog":true,"showMaterialUpdate":true,"showSkybox":false,"showFlares":true,"showImageEffects":true,"showParticleSystems":true},"in2DMode":false,"pivot":{"x":-0.035430192947387698,"y":-0.09619390964508057,"z":0.29537057876586916},"rotation":{"x":-0.3311695158481598,"y":-0.6458303332328796,"z":0.36788445711135867,"w":-0.5813164114952087},"size":0.8479759097099304,"orthographic":false}