{"cameraMode":{"drawMode":0,"name":"Shaded","section":"Shading Mode"},"sceneLighting":true,"audioPlay":false,"sceneViewState":{"showFog":true,"showMaterialUpdate":true,"showSkybox":true,"showFlares":true,"showImageEffects":true,"showParticleSystems":true},"in2DMode":false,"pivot":{"x":1.4208812713623047,"y":3.7217044830322267,"z":-14.027047157287598},"rotation":{"x":-0.06764474511146546,"y":0.9261624217033386,"z":-0.3099724352359772,"w":-0.20441722869873048},"size":27.575702667236329,"orthographic":false}