{"cameraMode":{"drawMode":0,"name":"Shaded","section":"Shading Mode"},"sceneLighting":false,"audioPlay":false,"sceneViewState":{"showFog":true,"showMaterialUpdate":true,"showSkybox":false,"showFlares":true,"showImageEffects":true,"showParticleSystems":true},"in2DMode":false,"pivot":{"x":388.10003662109377,"y":327.1573486328125,"z":358.414794921875},"rotation":{"x":0.013831987045705319,"y":0.026774635538458825,"z":0.0006151474080979824,"w":0.9996296167373657},"size":10.0,"orthographic":false}