{"cameraMode":{"drawMode":0,"name":"Shaded","section":"Shading Mode"},"sceneLighting":false,"audioPlay":false,"sceneViewState":{"showFog":true,"showMaterialUpdate":true,"showSkybox":false,"showFlares":true,"showImageEffects":true,"showParticleSystems":true},"in2DMode":false,"pivot":{"x":-3.102632522583008,"y":-2.6720564365386965,"z":2.3654818534851076},"rotation":{"x":-0.1767381727695465,"y":0.8141963481903076,"z":-0.31956952810287478,"w":-0.4514777362346649},"size":7.438048839569092,"orthographic":false}